id,name,type1,type2,base_hp,base_attack,base_defense,base_sp_attack,base_sp_defense,base_speed
1,bulbasaur,grass,poison,45,49,49,65,65,45
2,ivysaur,grass,poison,60,62,63,80,80,60
3,venusaur,grass,poison,80,82,83,100,100,80
4,charmander,fire,none,39,52,43,60,50,65
5,charmeleon,fire,none,58,64,58,80,65,80
6,charizard,fire,flying,78,84,78,109,85,100
7,squirtle,water,none,44,48,65,50,64,43
8,wartortle,water,none,59,63,80,65,80,58
9,blastoise,water,none,79,83,100,85,105,78
10,caterpie,bug,none,45,30,35,20,20,45
11,metapod,bug,none,50,20,55,25,25,30
12,butterfree,bug,flying,60,45,50,90,80,70
13,weedle,bug,poison,40,35,30,20,20,50
14,kakuna,bug,poison,45,25,50,25,25,35
15,beedrill,bug,poison,65,90,40,45,80,75
16,pidgey,normal,flying,40,45,40,35,35,56
17,pidgeotto,normal,flying,63,60,55,50,50,71
18,pidgeot,normal,flying,83,80,75,70,70,101
19,rattata,normal,none,30,56,35,25,35,72
20,raticate,normal,none,55,81,60,50,70,97
21,spearow,normal,flying,40,60,30,31,31,70
22,fearow,normal,flying,65,90,65,61,61,100
23,ekans,poison,none,35,60,44,40,54,55
24,arbok,poison,none,60,95,69,65,79,80
25,pikachu,electric,none,35,55,40,50,50,90
26,raichu,electric,none,60,90,55,90,80,110
27,sandshrew,ground,none,50,75,85,20,30,40
28,sandslash,ground,none,75,100,110,45,55,65
29,nidoran-f,poison,none,55,47,52,40,40,41
30,nidorina,poison,none,70,62,67,55,55,56
31,nidoqueen,poison,ground,90,92,87,75,85,76
32,nidoran-m,poison,none,46,57,40,40,40,50
33,nidorino,poison,none,61,72,57,55,55,65
34,nidoking,poison,ground,81,102,77,85,75,85
35,clefairy,fairy,none,70,45,48,60,65,35
36,clefable,fairy,none,95,70,73,95,90,60
37,vulpix,fire,none,38,41,40,50,65,65
38,ninetales,fire,none,73,76,75,81,100,100
39,jigglypuff,normal,fairy,115,45,20,45,25,20
40,wigglytuff,normal,fairy,140,70,45,85,50,45
41,zubat,poison,flying,40,45,35,30,40,55
42,golbat,poison,flying,75,80,70,65,75,90
43,oddish,grass,poison,45,50,55,75,65,30
44,gloom,grass,poison,60,65,70,85,75,40
45,vileplume,grass,poison,75,80,85,110,90,50
46,paras,bug,grass,35,70,55,45,55,25
47,parasect,bug,grass,60,95,80,60,80,30
48,venonat,bug,poison,60,55,50,40,55,45
49,venomoth,bug,poison,70,65,60,90,75,90
50,diglett,ground,none,10,55,25,35,45,95
51,dugtrio,ground,none,35,100,50,50,70,120
52,meowth,normal,none,40,45,35,40,40,90
53,persian,normal,none,65,70,60,65,65,115
54,psyduck,water,none,50,52,48,65,50,55
55,golduck,water,none,80,82,78,95,80,85
56,mankey,fighting,none,40,80,35,35,45,70
57,primeape,fighting,none,65,105,60,60,70,95
58,growlithe,fire,none,55,70,45,70,50,60
59,arcanine,fire,none,90,110,80,100,80,95
60,poliwag,water,none,40,50,40,40,40,90
61,poliwhirl,water,none,65,65,65,50,50,90
62,poliwrath,water,fighting,90,95,95,70,90,70
63,abra,psychic,none,25,20,15,105,55,90
64,kadabra,psychic,none,40,35,30,120,70,105
65,alakazam,psychic,none,55,50,45,135,95,120
66,machop,fighting,none,70,80,50,35,35,35
67,machoke,fighting,none,80,100,70,50,60,45
68,machamp,fighting,none,90,130,80,65,85,55
69,bellsprout,grass,poison,50,75,35,70,30,40
70,weepinbell,grass,poison,65,90,50,85,45,55
71,victreebel,grass,poison,80,105,65,100,70,70
72,tentacool,water,poison,40,40,35,50,100,70
73,tentacruel,water,poison,80,70,65,80,120,100
74,geodude,rock,ground,40,80,100,30,30,20
75,graveler,rock,ground,55,95,115,45,45,35
76,golem,rock,ground,80,120,130,55,65,45
77,ponyta,fire,none,50,85,55,65,65,90
78,rapidash,fire,none,65,100,70,80,80,105
79,slowpoke,water,psychic,90,65,65,40,40,15
80,slowbro,water,psychic,95,75,110,100,80,30
81,magnemite,electric,steel,25,35,70,95,55,45
82,magneton,electric,steel,50,60,95,120,70,70
83,farfetchd,normal,flying,52,90,55,58,62,60
84,doduo,normal,flying,35,85,45,35,35,75
85,dodrio,normal,flying,60,110,70,60,60,110
86,seel,water,none,65,45,55,45,70,45
87,dewgong,water,ice,90,70,80,70,95,70
88,grimer,poison,none,80,80,50,40,50,25
89,muk,poison,none,105,105,75,65,100,50
90,shellder,water,none,30,65,100,45,25,40
91,cloyster,water,ice,50,95,180,85,45,70
92,gastly,ghost,poison,30,35,30,100,35,80
93,haunter,ghost,poison,45,50,45,115,55,95
94,gengar,ghost,poison,60,65,60,130,75,110
95,onix,rock,ground,35,45,160,30,45,70
96,drowzee,psychic,none,60,48,45,43,90,42
97,hypno,psychic,none,85,73,70,73,115,67
98,krabby,water,none,30,105,90,25,25,50
99,kingler,water,none,55,130,115,50,50,75
100,voltorb,electric,none,40,30,50,55,55,100
101,electrode,electric,none,60,50,70,80,80,150
102,exeggcute,grass,psychic,60,40,80,60,45,40
103,exeggutor,grass,psychic,95,95,85,125,75,55
104,cubone,ground,none,50,50,95,40,50,35
105,marowak,ground,none,60,80,110,50,80,45
106,hitmonlee,fighting,none,50,120,53,35,110,87
107,hitmonchan,fighting,none,50,105,79,35,110,76
108,lickitung,normal,none,90,55,75,60,75,30
109,koffing,poison,none,40,65,95,60,45,35
110,weezing,poison,none,65,90,120,85,70,60
111,rhyhorn,ground,rock,80,85,95,30,30,25
112,rhydon,ground,rock,105,130,120,45,45,40
113,chansey,normal,none,250,5,5,35,105,50
114,tangela,grass,none,65,55,115,100,40,60
115,kangaskhan,normal,none,105,95,80,40,80,90
116,horsea,water,none,30,40,70,70,25,60
117,seadra,water,none,55,65,95,95,45,85
118,goldeen,water,none,45,67,60,35,50,63
119,seaking,water,none,80,92,65,65,80,68
120,staryu,water,none,30,45,55,70,55,85
121,starmie,water,psychic,60,75,85,100,85,115
122,mr-mime,psychic,fairy,40,45,65,100,120,90
123,scyther,bug,flying,70,110,80,55,80,105
124,jynx,ice,psychic,65,50,35,115,95,95
125,electabuzz,electric,none,65,83,57,95,85,105
126,magmar,fire,none,65,95,57,100,85,93
127,pinsir,bug,none,65,125,100,55,70,85
128,tauros,normal,none,75,100,95,40,70,110
129,magikarp,water,none,20,10,55,15,20,80
130,gyarados,water,flying,95,125,79,60,100,81
131,lapras,water,ice,130,85,80,85,95,60
132,ditto,normal,none,48,48,48,48,48,48
133,eevee,normal,none,55,55,50,45,65,55
134,vaporeon,water,none,130,65,60,110,95,65
135,jolteon,electric,none,65,65,60,110,95,130
136,flareon,fire,none,65,130,60,95,110,65
137,porygon,normal,none,65,60,70,85,75,40
138,omanyte,rock,water,35,40,100,90,55,35
139,omastar,rock,water,70,60,125,115,70,55
140,kabuto,rock,water,30,80,90,55,45,55
141,kabutops,rock,water,60,115,105,65,70,80
142,aerodactyl,rock,flying,80,105,65,60,75,130
143,snorlax,normal,none,160,110,65,65,110,30
144,articuno,ice,flying,90,85,100,95,125,85
145,zapdos,electric,flying,90,90,85,125,90,100
146,moltres,fire,flying,90,100,90,125,85,90
147,dratini,dragon,none,41,64,45,50,50,50
148,dragonair,dragon,none,61,84,65,70,70,70
149,dragonite,dragon,flying,91,134,95,100,100,80
150,mewtwo,psychic,none,106,110,90,154,90,130
151,chikorita,grass,none,45,49,65,49,65,45
152,bayleef,grass,none,60,62,80,63,80,60
153,meganium,grass,none,80,82,100,83,100,80
154,cyndaquil,fire,none,39,52,43,60,50,65
155,quilava,fire,none,58,64,58,80,65,80
156,typhlosion,fire,none,78,84,78,109,85,100
157,totodile,water,none,50,65,64,44,48,43
158,croconaw,water,none,65,80,80,59,63,58
159,feraligatr,water,none,85,105,100,79,83,78
160,sentret,normal,none,35,46,34,35,45,20
161,furret,normal,none,85,76,64,45,55,90
162,hoothoot,normal,flying,60,30,30,36,56,50
163,noctowl,normal,flying,100,50,50,86,96,70
164,ledyba,bug,flying,40,20,30,40,80,55
165,ledian,bug,flying,55,35,50,55,110,85
166,spinarak,bug,poison,40,60,40,40,40,30
167,ariados,bug,poison,70,90,70,60,70,40
168,crobat,poison,flying,85,90,80,70,80,130
169,chinchou,water,electric,75,38,38,56,56,67
170,lanturn,water,electric,125,58,58,76,76,67
171,pichu,electric,none,20,40,15,35,35,60
172,cleffa,fairy,none,50,25,28,45,55,15
173,igglybuff,normal,fairy,90,30,15,40,20,15
174,togepi,fairy,none,35,20,65,40,65,20
175,togetic,fairy,flying,55,40,85,80,105,40
176,natu,psychic,flying,40,50,45,70,45,70
177,xatu,psychic,flying,65,75,70,95,70,95
178,mareep,electric,none,55,40,40,65,45,35
179,flaaffy,electric,none,70,55,55,80,60,45
180,ampharos,electric,none,90,75,85,115,90,55
181,bellossom,grass,none,75,80,95,90,100,50
182,marill,water,fairy,70,20,50,20,50,40
183,azumarill,water,fairy,100,50,80,60,80,50
184,sudowoodo,rock,none,70,100,115,30,65,30
185,politoed,water,none,90,75,75,90,100,70
186,hoppip,grass,flying,35,35,40,35,55,50
187,skiploom,grass,flying,55,45,50,45,65,80
188,jumpluff,grass,flying,75,55,70,55,95,110
189,aipom,normal,none,55,70,55,40,55,85
190,sunkern,grass,none,30,30,30,30,30,30
191,sunflora,grass,none,75,75,55,105,85,30
192,yanma,bug,flying,65,65,45,75,45,95
193,wooper,water,ground,55,45,45,25,25,15
194,quagsire,water,ground,95,85,85,65,65,35
195,espeon,psychic,none,65,65,60,130,95,110
196,umbreon,dark,none,95,65,110,60,130,65
197,murkrow,dark,flying,60,85,42,85,42,91
198,slowking,water,psychic,95,75,80,100,110,30
199,misdreavus,ghost,none,60,60,60,85,85,85
200,unown,psychic,none,48,72,48,72,48,48
201,wobbuffet,psychic,none,190,33,58,33,58,33
202,girafarig,normal,psychic,70,80,65,90,65,85
203,pineco,bug,none,50,65,90,35,35,15
204,forretress,bug,steel,75,90,140,60,60,40
205,dunsparce,normal,none,100,70,70,65,65,45
206,gligar,ground,flying,65,75,105,35,65,85
207,steelix,steel,ground,75,85,200,55,65,30
208,snubbull,fairy,none,60,80,50,40,40,30
209,granbull,fairy,none,90,120,75,60,60,45
210,qwilfish,water,poison,65,95,85,55,55,85
211,scizor,bug,steel,70,130,100,55,80,65
212,shuckle,bug,rock,20,10,230,10,230,5
213,heracross,bug,fighting,80,125,75,40,95,85
214,sneasel,dark,ice,55,95,55,35,75,115
215,teddiursa,normal,none,60,80,50,50,50,40
216,ursaring,normal,none,90,130,75,75,75,55
217,slugma,fire,none,40,40,40,70,40,20
218,magcargo,fire,rock,60,50,120,90,80,30
219,swinub,ice,ground,50,50,40,30,30,50
220,piloswine,ice,ground,100,100,80,60,60,50
221,corsola,water,rock,65,55,95,65,95,35
222,remoraid,water,none,35,65,35,65,35,65
223,octillery,water,none,75,105,75,105,75,45
224,delibird,ice,flying,45,55,45,65,45,75
225,mantine,water,flying,85,40,70,80,140,70
226,skarmory,steel,flying,65,80,140,40,70,70
227,houndour,dark,fire,45,60,30,80,50,65
228,houndoom,dark,fire,75,90,50,110,80,95
229,kingdra,water,dragon,75,95,95,95,95,85
230,phanpy,ground,none,90,60,60,40,40,40
231,donphan,ground,none,90,120,120,60,60,50
232,porygon2,normal,none,85,80,90,105,95,60
233,stantler,normal,none,73,95,62,85,65,85
234,smeargle,normal,none,55,20,35,20,45,75
235,tyrogue,fighting,none,35,35,35,35,35,35
236,hitmontop,fighting,none,50,95,95,35,110,70
237,smoochum,ice,psychic,45,30,15,85,65,65
238,elekid,electric,none,45,63,37,65,55,95
239,magby,fire,none,45,75,37,70,55,83
240,miltank,normal,none,95,80,105,40,70,100
241,blissey,normal,none,255,10,10,75,135,55
242,raikou,electric,none,90,85,75,115,100,115
243,entei,fire,none,115,115,85,90,75,100
244,suicune,water,none,100,75,115,90,115,85
245,larvitar,rock,ground,50,64,50,45,50,41
246,pupitar,rock,ground,70,84,70,65,70,51
247,tyranitar,rock,dark,100,134,110,95,100,61
248,lugia,psychic,flying,106,90,130,90,154,110
249,ho-oh,fire,flying,106,130,90,110,154,90
250,celebi,psychic,grass,100,100,100,100,100,100
251,treecko,grass,none,40,45,35,65,55,70
252,grovyle,grass,none,50,65,45,85,65,95
253,sceptile,grass,none,70,85,65,105,85,120
254,torchic,fire,none,45,60,40,70,50,45
255,combusken,fire,fighting,60,85,60,85,60,55
256,blaziken,fire,fighting,80,120,70,110,70,80
257,mudkip,water,none,50,70,50,50,50,40
258,marshtomp,water,ground,70,85,70,60,70,50
259,swampert,water,ground,100,110,90,85,90,60
260,poochyena,dark,none,35,55,35,30,30,35
261,mightyena,dark,none,70,90,70,60,60,70
262,zigzagoon,normal,none,38,30,41,30,41,60
263,linoone,normal,none,78,70,61,50,61,100
264,wurmple,bug,none,45,45,35,20,30,20
265,silcoon,bug,none,50,35,55,25,25,15
266,beautifly,bug,flying,60,70,50,100,50,65
267,cascoon,bug,none,50,35,55,25,25,15
268,dustox,bug,poison,60,50,70,50,90,65
269,lotad,water,grass,40,30,30,40,50,30
270,lombre,water,grass,60,50,50,60,70,50
271,ludicolo,water,grass,80,70,70,90,100,70
272,seedot,grass,none,40,40,50,30,30,30
273,nuzleaf,grass,dark,70,70,40,60,40,60
274,shiftry,grass,dark,90,100,60,90,60,80
275,taillow,normal,flying,40,55,30,30,30,85
276,swellow,normal,flying,60,85,60,75,50,125
277,wingull,water,flying,40,30,30,55,30,85
278,pelipper,water,flying,60,50,100,95,70,65
279,ralts,psychic,fairy,28,25,25,45,35,40
280,kirlia,psychic,fairy,38,35,35,65,55,50
281,gardevoir,psychic,fairy,68,65,65,125,115,80
282,surskit,bug,water,40,30,32,50,52,65
283,masquerain,bug,flying,70,60,62,100,82,80
284,shroomish,grass,none,60,40,60,40,60,35
285,breloom,grass,fighting,60,130,80,60,60,70
286,slakoth,normal,none,60,60,60,35,35,30
287,vigoroth,normal,none,80,80,80,55,55,90
288,slaking,normal,none,150,160,100,95,65,100
289,nincada,bug,ground,31,45,90,30,30,40
290,ninjask,bug,flying,61,90,45,50,50,160
291,shedinja,bug,ghost,1,90,45,30,30,40
292,whismur,normal,none,64,51,23,51,23,28
293,loudred,normal,none,84,71,43,71,43,48
294,exploud,normal,none,104,91,63,91,73,68
295,makuhita,fighting,none,72,60,30,20,30,25
296,hariyama,fighting,none,144,120,60,40,60,50
297,azurill,normal,fairy,50,20,40,20,40,20
298,nosepass,rock,none,30,45,135,45,90,30
299,skitty,normal,none,50,45,45,35,35,50
300,delcatty,normal,none,70,65,65,55,55,90
301,sableye,dark,ghost,50,75,75,65,65,50
302,mawile,steel,fairy,50,85,85,55,55,50
303,aron,steel,rock,50,70,100,40,40,30
304,lairon,steel,rock,60,90,140,50,50,40
305,aggron,steel,rock,70,110,180,60,60,50
306,meditite,fighting,psychic,30,40,55,40,55,60
307,medicham,fighting,psychic,60,60,75,60,75,80
308,electrike,electric,none,40,45,40,65,40,65
309,manectric,electric,none,70,75,60,105,60,105
310,plusle,electric,none,60,50,40,85,75,95
311,minun,electric,none,60,40,50,75,85,95
312,volbeat,bug,none,65,73,75,47,85,85
313,illumise,bug,none,65,47,75,73,85,85
314,roselia,grass,poison,50,60,45,100,80,65
315,gulpin,poison,none,70,43,53,43,53,40
316,swalot,poison,none,100,73,83,73,83,55
317,carvanha,water,dark,45,90,20,65,20,65
318,sharpedo,water,dark,70,120,40,95,40,95
319,wailmer,water,none,130,70,35,70,35,60
320,wailord,water,none,170,90,45,90,45,60
321,numel,fire,ground,60,60,40,65,45,35
322,camerupt,fire,ground,70,100,70,105,75,40
323,torkoal,fire,none,70,85,140,85,70,20
324,spoink,psychic,none,60,25,35,70,80,60
325,grumpig,psychic,none,80,45,65,90,110,80
326,spinda,normal,none,60,60,60,60,60,60
327,trapinch,ground,none,45,100,45,45,45,10
328,vibrava,ground,dragon,50,70,50,50,50,70
329,flygon,ground,dragon,80,100,80,80,80,100
330,cacnea,grass,none,50,85,40,85,40,35
331,cacturne,grass,dark,70,115,60,115,60,55
332,swablu,normal,flying,45,40,60,40,75,50
333,altaria,dragon,flying,75,70,90,70,105,80
334,zangoose,normal,none,73,115,60,60,60,90
335,seviper,poison,none,73,100,60,100,60,65
336,lunatone,rock,psychic,90,55,65,95,85,70
337,solrock,rock,psychic,90,95,85,55,65,70
338,barboach,water,ground,50,48,43,46,41,60
339,whiscash,water,ground,110,78,73,76,71,60
340,corphish,water,none,43,80,65,50,35,35
341,crawdaunt,water,dark,63,120,85,90,55,55
342,baltoy,ground,psychic,40,40,55,40,70,55
343,claydol,ground,psychic,60,70,105,70,120,75
344,lileep,rock,grass,66,41,77,61,87,23
345,cradily,rock,grass,86,81,97,81,107,43
346,anorith,rock,bug,45,95,50,40,50,75
347,armaldo,rock,bug,75,125,100,70,80,45
348,feebas,water,none,20,15,20,10,55,80
349,milotic,water,none,95,60,79,100,125,81
350,castform,normal,none,70,70,70,70,70,70
351,kecleon,normal,none,60,90,70,60,120,40
352,shuppet,ghost,none,44,75,35,63,33,45
353,banette,ghost,none,64,115,65,83,63,65
354,duskull,ghost,none,20,40,90,30,90,25
355,dusclops,ghost,none,40,70,130,60,130,25
356,tropius,grass,flying,99,68,83,72,87,51
357,chimecho,psychic,none,75,50,80,95,90,65
358,absol,dark,none,65,130,60,75,60,75
359,wynaut,psychic,none,95,23,48,23,48,23
360,snorunt,ice,none,50,50,50,50,50,50
361,glalie,ice,none,80,80,80,80,80,80
362,spheal,ice,water,70,40,50,55,50,25
363,sealeo,ice,water,90,60,70,75,70,45
364,walrein,ice,water,110,80,90,95,90,65
365,clamperl,water,none,35,64,85,74,55,32
366,huntail,water,none,55,104,105,94,75,52
367,gorebyss,water,none,55,84,105,114,75,52
368,relicanth,water,rock,100,90,130,45,65,55
369,luvdisc,water,none,43,30,55,40,65,97
370,bagon,dragon,none,45,75,60,40,30,50
371,shelgon,dragon,none,65,95,100,60,50,50
372,salamence,dragon,flying,95,135,80,110,80,100
373,beldum,steel,psychic,40,55,80,35,60,30
374,metang,steel,psychic,60,75,100,55,80,50
375,metagross,steel,psychic,80,135,130,95,90,70
376,regirock,rock,none,80,100,200,50,100,50
377,regice,ice,none,80,50,100,100,200,50
378,registeel,steel,none,80,75,150,75,150,50
379,latias,dragon,psychic,80,80,90,110,130,110
380,latios,dragon,psychic,80,90,80,130,110,110
381,kyogre,water,none,100,100,90,150,140,90
382,groudon,ground,none,100,150,140,100,90,90
383,rayquaza,dragon,flying,105,150,90,150,90,95
384,jirachi,steel,psychic,100,100,100,100,100,100
385,deoxys-normal,psychic,none,50,150,50,150,50,150
386,turtwig,grass,none,55,68,64,45,55,31
387,grotle,grass,none,75,89,85,55,65,36
388,torterra,grass,ground,95,109,105,75,85,56
389,chimchar,fire,none,44,58,44,58,44,61
390,monferno,fire,fighting,64,78,52,78,52,81
391,infernape,fire,fighting,76,104,71,104,71,108
392,piplup,water,none,53,51,53,61,56,40
393,prinplup,water,none,64,66,68,81,76,50
394,empoleon,water,steel,84,86,88,111,101,60
395,starly,normal,flying,40,55,30,30,30,60
396,staravia,normal,flying,55,75,50,40,40,80
397,staraptor,normal,flying,85,120,70,50,60,100
398,bidoof,normal,none,59,45,40,35,40,31
399,bibarel,normal,water,79,85,60,55,60,71
400,kricketot,bug,none,37,25,41,25,41,25
401,kricketune,bug,none,77,85,51,55,51,65
402,shinx,electric,none,45,65,34,40,34,45
403,luxio,electric,none,60,85,49,60,49,60
404,luxray,electric,none,80,120,79,95,79,70
405,budew,grass,poison,40,30,35,50,70,55
406,roserade,grass,poison,60,70,65,125,105,90
407,cranidos,rock,none,67,125,40,30,30,58
408,rampardos,rock,none,97,165,60,65,50,58
409,shieldon,rock,steel,30,42,118,42,88,30
410,bastiodon,rock,steel,60,52,168,47,138,30
411,burmy,bug,none,40,29,45,29,45,36
412,wormadam-plant,bug,grass,60,59,85,79,105,36
413,mothim,bug,flying,70,94,50,94,50,66
414,combee,bug,flying,30,30,42,30,42,70
415,vespiquen,bug,flying,70,80,102,80,102,40
416,pachirisu,electric,none,60,45,70,45,90,95
417,buizel,water,none,55,65,35,60,30,85
418,floatzel,water,none,85,105,55,85,50,115
419,cherubi,grass,none,45,35,45,62,53,35
420,cherrim,grass,none,70,60,70,87,78,85
421,shellos,water,none,76,48,48,57,62,34
422,gastrodon,water,ground,111,83,68,92,82,39
423,ambipom,normal,none,75,100,66,60,66,115
424,drifloon,ghost,flying,90,50,34,60,44,70
425,drifblim,ghost,flying,150,80,44,90,54,80
426,buneary,normal,none,55,66,44,44,56,85
427,lopunny,normal,none,65,76,84,54,96,105
428,mismagius,ghost,none,60,60,60,105,105,105
429,honchkrow,dark,flying,100,125,52,105,52,71
430,glameow,normal,none,49,55,42,42,37,85
431,purugly,normal,none,71,82,64,64,59,112
432,chingling,psychic,none,45,30,50,65,50,45
433,stunky,poison,dark,63,63,47,41,41,74
434,skuntank,poison,dark,103,93,67,71,61,84
435,bronzor,steel,psychic,57,24,86,24,86,23
436,bronzong,steel,psychic,67,89,116,79,116,33
437,bonsly,rock,none,50,80,95,10,45,10
438,mime-jr,psychic,fairy,20,25,45,70,90,60
439,happiny,normal,none,100,5,5,15,65,30
440,chatot,normal,flying,76,65,45,92,42,91
441,spiritomb,ghost,dark,50,92,108,92,108,35
442,gible,dragon,ground,58,70,45,40,45,42
443,gabite,dragon,ground,68,90,65,50,55,82
444,garchomp,dragon,ground,108,130,95,80,85,102
445,munchlax,normal,none,135,85,40,40,85,5
446,riolu,fighting,none,40,70,40,35,40,60
447,lucario,fighting,steel,70,110,70,115,70,90
448,hippopotas,ground,none,68,72,78,38,42,32
449,hippowdon,ground,none,108,112,118,68,72,47
450,skorupi,poison,bug,40,50,90,30,55,65
451,drapion,poison,dark,70,90,110,60,75,95
452,croagunk,poison,fighting,48,61,40,61,40,50
453,toxicroak,poison,fighting,83,106,65,86,65,85
454,carnivine,grass,none,74,100,72,90,72,46
455,finneon,water,none,49,49,56,49,61,66
456,lumineon,water,none,69,69,76,69,86,91
457,mantyke,water,flying,45,20,50,60,120,50
458,snover,grass,ice,60,62,50,62,60,40
459,abomasnow,grass,ice,90,92,75,92,85,60
460,weavile,dark,ice,70,120,65,45,85,125
461,magnezone,electric,steel,70,70,115,130,90,60
462,lickilicky,normal,none,110,85,95,80,95,50
463,rhyperior,ground,rock,115,140,130,55,55,40
464,tangrowth,grass,none,100,100,125,110,50,50
465,electivire,electric,none,75,123,67,95,85,95
466,magmortar,fire,none,75,95,67,125,95,83
467,togekiss,fairy,flying,85,50,95,120,115,80
468,yanmega,bug,flying,86,76,86,116,56,95
469,leafeon,grass,none,65,110,130,60,65,95
470,glaceon,ice,none,65,60,110,130,95,65
471,gliscor,ground,flying,75,95,125,45,75,95
472,mamoswine,ice,ground,110,130,80,70,60,80
473,porygon-z,normal,none,85,80,70,135,75,90
474,gallade,psychic,fighting,68,125,65,65,115,80
475,probopass,rock,steel,60,55,145,75,150,40
476,dusknoir,ghost,none,45,100,135,65,135,45
477,froslass,ice,ghost,70,80,70,80,70,110
478,rotom,electric,ghost,50,50,77,95,77,91
479,uxie,psychic,none,75,75,130,75,130,95
480,mesprit,psychic,none,80,105,105,105,105,80
481,azelf,psychic,none,75,125,70,125,70,115
482,dialga,steel,dragon,100,120,120,150,100,90
483,palkia,water,dragon,90,120,100,150,120,100
484,heatran,fire,steel,91,90,106,130,106,77
485,regigigas,normal,none,110,160,110,80,110,100
486,giratina-altered,ghost,dragon,150,100,120,100,120,90
487,cresselia,psychic,none,120,70,110,75,120,85
488,phione,water,none,80,80,80,80,80,80
489,manaphy,water,none,100,100,100,100,100,100
490,darkrai,dark,none,70,90,90,135,90,125
491,shaymin-land,grass,none,100,100,100,100,100,100
492,arceus,normal,none,120,120,120,120,120,120
493,victini,psychic,fire,100,100,100,100,100,100
494,snivy,grass,none,45,45,55,45,55,63
495,servine,grass,none,60,60,75,60,75,83
496,serperior,grass,none,75,75,95,75,95,113
497,tepig,fire,none,65,63,45,45,45,45
498,pignite,fire,fighting,90,93,55,70,55,55
499,emboar,fire,fighting,110,123,65,100,65,65
500,oshawott,water,none,55,55,45,63,45,45
501,dewott,water,none,75,75,60,83,60,60
502,samurott,water,none,95,100,85,108,70,70
503,patrat,normal,none,45,55,39,35,39,42
504,watchog,normal,none,60,85,69,60,69,77
505,lillipup,normal,none,45,60,45,25,45,55
506,herdier,normal,none,65,80,65,35,65,60
507,stoutland,normal,none,85,110,90,45,90,80
508,purrloin,dark,none,41,50,37,50,37,66
509,liepard,dark,none,64,88,50,88,50,106
510,pansage,grass,none,50,53,48,53,48,64
511,simisage,grass,none,75,98,63,98,63,101
512,pansear,fire,none,50,53,48,53,48,64
513,simisear,fire,none,75,98,63,98,63,101
514,panpour,water,none,50,53,48,53,48,64
515,simipour,water,none,75,98,63,98,63,101
516,munna,psychic,none,76,25,45,67,55,24
517,musharna,psychic,none,116,55,85,107,95,29
518,pidove,normal,flying,50,55,50,36,30,43
519,tranquill,normal,flying,62,77,62,50,42,65
520,unfezant,normal,flying,80,115,80,65,55,93
521,blitzle,electric,none,45,60,32,50,32,76
522,zebstrika,electric,none,75,100,63,80,63,116
523,roggenrola,rock,none,55,75,85,25,25,15
524,boldore,rock,none,70,105,105,50,40,20
525,gigalith,rock,none,85,135,130,60,80,25
526,woobat,psychic,flying,65,45,43,55,43,72
527,swoobat,psychic,flying,67,57,55,77,55,114
528,drilbur,ground,none,60,85,40,30,45,68
529,excadrill,ground,steel,110,135,60,50,65,88
530,audino,normal,none,103,60,86,60,86,50
531,timburr,fighting,none,75,80,55,25,35,35
532,gurdurr,fighting,none,85,105,85,40,50,40
533,conkeldurr,fighting,none,105,140,95,55,65,45
534,tympole,water,none,50,50,40,50,40,64
535,palpitoad,water,ground,75,65,55,65,55,69
536,seismitoad,water,ground,105,95,75,85,75,74
537,throh,fighting,none,120,100,85,30,85,45
538,sawk,fighting,none,75,125,75,30,75,85
539,sewaddle,bug,grass,45,53,70,40,60,42
540,swadloon,bug,grass,55,63,90,50,80,42
541,leavanny,bug,grass,75,103,80,70,80,92
542,venipede,bug,poison,30,45,59,30,39,57
543,whirlipede,bug,poison,40,55,99,40,79,47
544,scolipede,bug,poison,60,100,89,55,69,112
545,cottonee,grass,fairy,40,27,60,37,50,66
546,whimsicott,grass,fairy,60,67,85,77,75,116
547,petilil,grass,none,45,35,50,70,50,30
548,lilligant,grass,none,70,60,75,110,75,90
549,basculin-red-striped,water,none,70,92,65,80,55,98
550,sandile,ground,dark,50,72,35,35,35,65
551,krokorok,ground,dark,60,82,45,45,45,74
552,krookodile,ground,dark,95,117,80,65,70,92
553,darumaka,fire,none,70,90,45,15,45,50
554,darmanitan-standard,fire,none,105,140,55,30,55,95
555,maractus,grass,none,75,86,67,106,67,60
556,dwebble,bug,rock,50,65,85,35,35,55
557,crustle,bug,rock,70,105,125,65,75,45
558,scraggy,dark,fighting,50,75,70,35,70,48
559,scrafty,dark,fighting,65,90,115,45,115,58
560,sigilyph,psychic,flying,72,58,80,103,80,97
561,yamask,ghost,none,38,30,85,55,65,30
562,cofagrigus,ghost,none,58,50,145,95,105,30
563,tirtouga,water,rock,54,78,103,53,45,22
564,carracosta,water,rock,74,108,133,83,65,32
565,archen,rock,flying,55,112,45,74,45,70
566,archeops,rock,flying,75,140,65,112,65,110
567,trubbish,poison,none,50,50,62,40,62,65
568,garbodor,poison,none,80,95,82,60,82,75
569,zorua,dark,none,40,65,40,80,40,65
570,zoroark,dark,none,60,105,60,120,60,105
571,minccino,normal,none,55,50,40,40,40,75
572,cinccino,normal,none,75,95,60,65,60,115
573,gothita,psychic,none,45,30,50,55,65,45
574,gothorita,psychic,none,60,45,70,75,85,55
575,gothitelle,psychic,none,70,55,95,95,110,65
576,solosis,psychic,none,45,30,40,105,50,20
577,duosion,psychic,none,65,40,50,125,60,30
578,reuniclus,psychic,none,110,65,75,125,85,30
579,ducklett,water,flying,62,44,50,44,50,55
580,swanna,water,flying,75,87,63,87,63,98
581,vanillite,ice,none,36,50,50,65,60,44
582,vanillish,ice,none,51,65,65,80,75,59
583,vanilluxe,ice,none,71,95,85,110,95,79
584,deerling,normal,grass,60,60,50,40,50,75
585,sawsbuck,normal,grass,80,100,70,60,70,95
586,emolga,electric,flying,55,75,60,75,60,103
587,karrablast,bug,none,50,75,45,40,45,60
588,escavalier,bug,steel,70,135,105,60,105,20
589,foongus,grass,poison,69,55,45,55,55,15
590,amoonguss,grass,poison,114,85,70,85,80,30
591,frillish,water,ghost,55,40,50,65,85,40
592,jellicent,water,ghost,100,60,70,85,105,60
593,alomomola,water,none,165,75,80,40,45,65
594,joltik,bug,electric,50,47,50,57,50,65
595,galvantula,bug,electric,70,77,60,97,60,108
596,ferroseed,grass,steel,44,50,91,24,86,10
597,ferrothorn,grass,steel,74,94,131,54,116,20
598,klink,steel,none,40,55,70,45,60,30
599,klang,steel,none,60,80,95,70,85,50
600,klinklang,steel,none,60,100,115,70,85,90
601,tynamo,electric,none,35,55,40,45,40,60
602,eelektrik,electric,none,65,85,70,75,70,40
603,eelektross,electric,none,85,115,80,105,80,50
604,elgyem,psychic,none,55,55,55,85,55,30
605,beheeyem,psychic,none,75,75,75,125,95,40
606,litwick,ghost,fire,50,30,55,65,55,20
607,lampent,ghost,fire,60,40,60,95,60,55
608,chandelure,ghost,fire,60,55,90,145,90,80
609,axew,dragon,none,46,87,60,30,40,57
610,fraxure,dragon,none,66,117,70,40,50,67
611,haxorus,dragon,none,76,147,90,60,70,97
612,cubchoo,ice,none,55,70,40,60,40,40
613,beartic,ice,none,95,130,80,70,80,50
614,cryogonal,ice,none,80,50,50,95,135,105
615,shelmet,bug,none,50,40,85,40,65,25
616,accelgor,bug,none,80,70,40,100,60,145
617,stunfisk,ground,electric,109,66,84,81,99,32
618,mienfoo,fighting,none,45,85,50,55,50,65
619,mienshao,fighting,none,65,125,60,95,60,105
620,druddigon,dragon,none,77,120,90,60,90,48
621,golett,ground,ghost,59,74,50,35,50,35
622,golurk,ground,ghost,89,124,80,55,80,55
623,pawniard,dark,steel,45,85,70,40,40,60
624,bisharp,dark,steel,65,125,100,60,70,70
625,bouffalant,normal,none,95,110,95,40,95,55
626,rufflet,normal,flying,70,83,50,37,50,60
627,braviary,normal,flying,100,123,75,57,75,80
628,vullaby,dark,flying,70,55,75,45,65,60
629,mandibuzz,dark,flying,110,65,105,55,95,80
630,heatmor,fire,none,85,97,66,105,66,65
631,durant,bug,steel,58,109,112,48,48,109
632,deino,dark,dragon,52,65,50,45,50,38
633,zweilous,dark,dragon,72,85,70,65,70,58
634,hydreigon,dark,dragon,92,105,90,125,90,98
635,larvesta,bug,fire,55,85,55,50,55,60
636,volcarona,bug,fire,85,60,65,135,105,100
637,cobalion,steel,fighting,91,90,129,90,72,108
638,terrakion,rock,fighting,91,129,90,72,90,108
639,virizion,grass,fighting,91,90,72,90,129,108
640,tornadus-incarnate,flying,none,79,115,70,125,80,111
641,thundurus-incarnate,electric,flying,79,115,70,125,80,111
642,reshiram,dragon,fire,100,120,100,150,120,90
643,zekrom,dragon,electric,100,150,120,120,100,90
644,landorus-incarnate,ground,flying,89,125,90,115,80,101
645,kyurem,dragon,ice,125,130,90,130,90,95
646,keldeo-ordinary,water,fighting,91,72,90,129,90,108
647,meloetta-aria,normal,psychic,100,77,77,128,128,90
648,genesect,bug,steel,71,120,95,120,95,99
649,chespin,grass,none,56,61,65,48,45,38
650,quilladin,grass,none,61,78,95,56,58,57
651,chesnaught,grass,fighting,88,107,122,74,75,64
652,fennekin,fire,none,40,45,40,62,60,60
653,braixen,fire,none,59,59,58,90,70,73
654,delphox,fire,psychic,75,69,72,114,100,104
655,froakie,water,none,41,56,40,62,44,71
656,frogadier,water,none,54,63,52,83,56,97
657,greninja,water,dark,72,95,67,103,71,122
658,bunnelby,normal,none,38,36,38,32,36,57
659,diggersby,normal,ground,85,56,77,50,77,78
660,fletchling,normal,flying,45,50,43,40,38,62
661,fletchinder,fire,flying,62,73,55,56,52,84
662,talonflame,fire,flying,78,81,71,74,69,126
663,scatterbug,bug,none,38,35,40,27,25,35
664,spewpa,bug,none,45,22,60,27,30,29
665,vivillon,bug,flying,80,52,50,90,50,89
666,litleo,fire,normal,62,50,58,73,54,72
667,pyroar,fire,normal,86,68,72,109,66,106
668,flabebe,fairy,none,44,38,39,61,79,42
669,floette,fairy,none,54,45,47,75,98,52
670,florges,fairy,none,78,65,68,112,154,75
671,skiddo,grass,none,66,65,48,62,57,52
672,gogoat,grass,none,123,100,62,97,81,68
673,pancham,fighting,none,67,82,62,46,48,43
674,pangoro,fighting,dark,95,124,78,69,71,58
675,furfrou,normal,none,75,80,60,65,90,102
676,espurr,psychic,none,62,48,54,63,60,68
677,meowstic-male,psychic,none,74,48,76,83,81,104
678,honedge,steel,ghost,45,80,100,35,37,28
679,doublade,steel,ghost,59,110,150,45,49,35
680,aegislash-shield,steel,ghost,60,50,140,50,140,60
681,spritzee,fairy,none,78,52,60,63,65,23
682,aromatisse,fairy,none,101,72,72,99,89,29
683,swirlix,fairy,none,62,48,66,59,57,49
684,slurpuff,fairy,none,82,80,86,85,75,72
685,inkay,dark,psychic,53,54,53,37,46,45
686,malamar,dark,psychic,86,92,88,68,75,73
687,binacle,rock,water,42,52,67,39,56,50
688,barbaracle,rock,water,72,105,115,54,86,68
689,skrelp,poison,water,50,60,60,60,60,30
690,dragalge,poison,dragon,65,75,90,97,123,44
691,clauncher,water,none,50,53,62,58,63,44
692,clawitzer,water,none,71,73,88,120,89,59
693,helioptile,electric,normal,44,38,33,61,43,70
694,heliolisk,electric,normal,62,55,52,109,94,109
695,tyrunt,rock,dragon,58,89,77,45,45,48
696,tyrantrum,rock,dragon,82,121,119,69,59,71
697,amaura,rock,ice,77,59,50,67,63,46
698,aurorus,rock,ice,123,77,72,99,92,58
699,sylveon,fairy,none,95,65,65,110,130,60
700,hawlucha,fighting,flying,78,92,75,74,63,118
701,dedenne,electric,fairy,67,58,57,81,67,101
702,carbink,rock,fairy,50,50,150,50,150,50
703,goomy,dragon,none,45,50,35,55,75,40
704,sliggoo,dragon,none,68,75,53,83,113,60
705,goodra,dragon,none,90,100,70,110,150,80
706,klefki,steel,fairy,57,80,91,80,87,75
707,phantump,ghost,grass,43,70,48,50,60,38
708,trevenant,ghost,grass,85,110,76,65,82,56
709,pumpkaboo-average,ghost,grass,49,66,70,44,55,51
710,gourgeist-average,ghost,grass,65,90,122,58,75,84
711,bergmite,ice,none,55,69,85,32,35,28
712,avalugg,ice,none,95,117,184,44,46,28
713,noibat,flying,dragon,40,30,35,45,40,55
714,noivern,flying,dragon,85,70,80,97,80,123
715,xerneas,fairy,none,126,131,95,131,98,99
716,yveltal,dark,flying,126,131,95,131,98,99
717,zygarde-50,dragon,ground,108,100,121,81,95,95
718,diancie,rock,fairy,50,100,150,100,150,50
719,hoopa,psychic,ghost,80,110,60,150,130,70
720,volcanion,fire,water,80,110,120,130,90,70
721,rowlet,grass,flying,68,55,55,50,50,42
722,dartrix,grass,flying,78,75,75,70,70,52
723,decidueye,grass,ghost,78,107,75,100,100,70
724,litten,fire,none,45,65,40,60,40,70
725,torracat,fire,none,65,85,50,80,50,90
726,incineroar,fire,dark,95,115,90,80,90,60
727,popplio,water,none,50,54,54,66,56,40
728,brionne,water,none,60,69,69,91,81,50
729,primarina,water,fairy,80,74,74,126,116,60
730,pikipek,normal,flying,35,75,30,30,30,65
731,trumbeak,normal,flying,55,85,50,40,50,75
732,toucannon,normal,flying,80,120,75,75,75,60
733,yungoos,normal,none,48,70,30,30,30,45
734,gumshoos,normal,none,88,110,60,55,60,45
735,grubbin,bug,none,47,62,45,55,45,46
736,charjabug,bug,electric,57,82,95,55,75,36
737,vikavolt,bug,electric,77,70,90,145,75,43
738,crabrawler,fighting,none,47,82,57,42,47,63
739,crabominable,fighting,ice,97,132,77,62,67,43
740,oricorio-baile,fire,flying,75,70,70,98,70,93
741,cutiefly,bug,fairy,40,45,40,55,40,84
742,ribombee,bug,fairy,60,55,60,95,70,124
743,rockruff,rock,none,45,65,40,30,40,60
744,lycanroc-midday,rock,none,75,115,65,55,65,112
745,wishiwashi-solo,water,none,45,20,20,25,25,40
746,mareanie,poison,water,50,53,62,43,52,45
747,toxapex,poison,water,50,63,152,53,142,35
748,mudbray,ground,none,70,100,70,45,55,45
749,mudsdale,ground,none,100,125,100,55,85,35
750,dewpider,water,bug,38,40,52,40,72,27
751,araquanid,water,bug,68,70,92,50,132,42
752,fomantis,grass,none,40,55,35,50,35,35
753,lurantis,grass,none,70,105,90,80,90,45
754,morelull,grass,fairy,40,35,55,65,75,15
755,shiinotic,grass,fairy,60,45,80,90,100,30
756,salandit,poison,fire,48,44,40,71,40,77
757,salazzle,poison,fire,68,64,60,111,60,117
758,stufful,normal,fighting,70,75,50,45,50,50
759,bewear,normal,fighting,120,125,80,55,60,60
760,bounsweet,grass,none,42,30,38,30,38,32
761,steenee,grass,none,52,40,48,40,48,62
762,tsareena,grass,none,72,120,98,50,98,72
763,comfey,fairy,none,51,52,90,82,110,100
764,oranguru,normal,psychic,90,60,80,90,110,60
765,passimian,fighting,none,100,120,90,40,60,80
766,wimpod,bug,water,25,35,40,20,30,80
767,golisopod,bug,water,75,125,140,60,90,40
768,sandygast,ghost,ground,55,55,80,70,45,15
769,palossand,ghost,ground,85,75,110,100,75,35
770,pyukumuku,water,none,55,60,130,30,130,5
771,type-null,normal,none,95,95,95,95,95,59
772,silvally,normal,none,95,95,95,95,95,95
773,minior-red-meteor,rock,flying,60,60,100,60,100,60
774,komala,normal,none,65,115,65,75,95,65
775,turtonator,fire,dragon,60,78,135,91,85,36
776,togedemaru,electric,steel,65,98,63,40,73,96
777,mimikyu-disguised,ghost,fairy,55,90,80,50,105,96
778,bruxish,water,psychic,68,105,70,70,70,92
779,drampa,normal,dragon,78,60,85,135,91,36
780,dhelmise,ghost,grass,70,131,100,86,90,40
781,jangmo-o,dragon,none,45,55,65,45,45,45
782,hakamo-o,dragon,fighting,55,75,90,65,70,65
783,kommo-o,dragon,fighting,75,110,125,100,105,85
784,tapu-koko,electric,fairy,70,115,85,95,75,130
785,tapu-lele,psychic,fairy,70,85,75,130,115,95
786,tapu-bulu,grass,fairy,70,130,115,85,95,75
787,tapu-fini,water,fairy,70,75,115,95,130,85
788,cosmog,psychic,none,43,29,31,29,31,37
789,cosmoem,psychic,none,43,29,131,29,131,37
790,solgaleo,psychic,steel,137,137,107,113,89,97
791,lunala,psychic,ghost,137,113,89,137,107,97
792,nihilego,rock,poison,109,53,47,127,131,103
793,buzzwole,bug,fighting,107,139,139,53,53,79
794,pheromosa,bug,fighting,71,137,37,137,37,151
795,xurkitree,electric,none,83,89,71,173,71,83
796,celesteela,steel,flying,97,101,103,107,101,61
797,kartana,grass,steel,59,181,131,59,31,109
798,guzzlord,dark,dragon,223,101,53,97,53,43
799,necrozma,psychic,none,97,107,101,127,89,79
800,magearna,steel,fairy,80,95,115,130,115,65
801,marshadow,fighting,ghost,90,125,80,90,90,125
802,poipole,poison,none,67,73,67,73,67,73
803,naganadel,poison,dragon,73,73,73,127,73,121
804,stakataka,rock,steel,61,131,211,53,101,13
805,blacephalon,fire,ghost,53,127,53,151,79,107
806,zeraora,electric,none,88,112,75,102,80,143
807,meltan,steel,none,46,65,65,55,35,34
808,melmetal,steel,none,135,143,143,80,65,34
809,grookey,grass,none,50,65,50,40,40,65
810,thwackey,grass,none,70,85,70,55,60,80
811,rillaboom,grass,none,100,125,90,60,70,85
812,scorbunny,fire,none,50,71,40,40,40,69
813,raboot,fire,none,65,86,60,55,60,94
814,cinderace,fire,none,80,116,75,65,75,119
815,sobble,water,none,50,40,40,70,40,70
816,drizzile,water,none,65,60,55,95,55,90
817,inteleon,water,none,70,85,65,125,65,120
818,skwovet,normal,none,70,55,55,35,35,25
819,greedent,normal,none,120,95,95,55,75,20
820,rookidee,flying,none,38,47,35,33,35,57
821,corvisquire,flying,none,68,67,55,43,55,77
822,corviknight,flying,steel,98,87,105,53,85,67
823,blipbug,bug,none,25,20,20,25,45,45
824,dottler,bug,psychic,50,35,80,50,90,30
825,orbeetle,bug,psychic,60,45,110,80,120,90
826,nickit,dark,none,40,28,28,47,52,50
827,thievul,dark,none,70,58,58,87,92,90
828,gossifleur,grass,none,40,40,60,40,60,10
829,eldegoss,grass,none,60,50,90,80,120,60
830,wooloo,normal,none,42,40,55,40,45,48
831,dubwool,normal,none,72,80,100,60,90,88
832,chewtle,water,none,50,64,50,38,38,44
833,drednaw,water,rock,90,115,90,48,68,74
834,yamper,electric,none,59,45,50,40,50,26
835,boltund,electric,none,69,90,60,90,60,121
836,rolycoly,rock,none,30,40,50,40,50,30
837,carkol,rock,fire,80,60,90,60,70,50
838,coalossal,rock,fire,110,80,120,80,90,30
839,applin,grass,dragon,40,40,80,40,40,20
840,flapple,grass,dragon,70,110,80,95,60,70
841,appletun,grass,dragon,110,85,80,100,80,30
842,silicobra,ground,none,52,57,75,35,50,46
843,sandaconda,ground,none,72,107,125,65,70,71
844,cramorant,flying,water,70,85,55,85,95,85
845,arrokuda,water,none,41,63,40,40,30,66
846,barraskewda,water,none,61,123,60,60,50,136
847,toxel,electric,poison,40,38,35,54,35,40
848,toxtricity-amped,electric,poison,75,98,70,114,70,75
849,sizzlipede,fire,bug,50,65,45,50,50,45
850,centiskorch,fire,bug,100,115,65,90,90,65
851,clobbopus,fighting,none,50,68,60,50,50,32
852,grapploct,fighting,none,80,118,90,70,80,42
853,sinistea,ghost,none,40,45,45,74,54,50
854,polteageist,ghost,none,60,65,65,134,114,70
855,hatenna,psychic,none,42,30,45,56,53,39
856,hattrem,psychic,none,57,40,65,86,73,49
857,hatterene,psychic,fairy,57,90,95,136,103,29
858,impidimp,dark,fairy,45,45,30,55,40,50
859,morgrem,dark,fairy,65,60,45,75,55,70
860,grimmsnarl,dark,fairy,95,120,65,95,75,60
861,obstagoon,dark,normal,93,90,101,60,81,95
862,perrserker,steel,none,70,110,100,50,60,50
863,cursola,ghost,none,60,95,50,145,130,30
864,sirfetchd,fighting,none,62,135,95,68,82,65
865,mr-rime,ice,psychic,80,85,75,110,100,70
866,runerigus,ground,ghost,58,95,145,50,105,30
867,milcery,fairy,none,45,40,40,50,61,34
868,alcremie,fairy,none,65,60,75,110,121,64
869,falinks,fighting,none,65,100,100,70,60,75
870,pincurchin,electric,none,48,101,95,91,85,15
871,snom,ice,bug,30,25,35,45,30,20
872,frosmoth,ice,bug,70,65,60,125,90,65
873,stonjourner,rock,none,100,125,135,20,20,70
874,eiscue-ice,ice,none,75,80,110,65,90,50
875,indeedee-male,psychic,normal,60,65,55,105,95,95
876,morpeko-full-belly,electric,dark,58,95,58,70,58,97
877,cufant,steel,none,72,80,49,40,49,40
878,copperajah,steel,none,122,130,69,80,69,30
879,dracozolt,electric,dragon,90,100,90,80,70,75
880,arctozolt,electric,ice,90,100,90,90,80,55
881,dracovish,water,dragon,90,90,100,70,80,75
882,arctovish,water,ice,90,90,100,80,90,55
883,duraludon,steel,dragon,70,95,115,120,50,85
884,dreepy,dragon,ghost,28,60,30,40,30,82
885,drakloak,dragon,ghost,68,80,50,60,50,102
886,dragapult,dragon,ghost,88,120,75,100,75,142
887,zacian,fairy,none,92,120,115,80,115,138
888,zamazenta,fighting,none,92,120,115,80,115,138
889,eternatus,poison,dragon,140,85,95,145,95,130
890,kubfu,fighting,none,60,90,60,53,50,72
891,urshifu-single-strike,fighting,dark,100,130,100,63,60,97
892,zarude,dark,grass,105,120,105,70,95,105
893,regieleki,electric,none,80,100,50,100,50,200
894,regidrago,dragon,none,200,100,50,100,50,80
895,glastrier,ice,none,100,145,130,65,110,30
896,spectrier,ghost,none,100,65,60,145,80,130
897,calyrex,psychic,grass,100,80,80,80,80,80
898,wyrdeer,normal,psychic,103,105,72,105,75,65
899,kleavor,bug,rock,70,135,95,45,70,85
900,ursaluna,ground,normal,130,140,105,45,80,50
901,basculegion-male,water,ghost,120,112,65,80,75,78
902,sneasler,fighting,poison,80,130,60,40,80,120
903,overqwil,dark,poison,85,115,95,65,65,85
904,enamorus-incarnate,fairy,flying,74,115,70,135,80,106
905,sprigatito,grass,none,40,61,54,45,45,65
906,floragato,grass,none,61,80,63,60,63,83
907,meowscarada,grass,dark,76,110,70,81,70,123
908,fuecoco,fire,none,67,45,59,63,40,36
909,crocalor,fire,none,81,55,78,90,58,49
910,skeledirge,fire,ghost,104,75,100,110,75,66
911,quaxly,water,none,55,65,45,50,45,50
912,quaxwell,water,none,70,85,65,65,60,65
913,quaquaval,water,fighting,85,120,80,85,75,85
914,lechonk,normal,none,54,45,40,35,45,35
915,oinkologne-male,normal,none,110,100,75,59,80,65
916,tarountula,bug,none,35,41,45,29,40,20
917,spidops,bug,none,60,79,92,52,86,35
918,nymble,bug,none,33,46,40,21,25,45
919,lokix,bug,dark,71,102,78,52,55,92
920,pawmi,electric,none,45,50,20,40,25,60
921,pawmo,electric,fighting,60,75,40,50,40,85
922,pawmot,electric,fighting,70,115,70,70,60,105
923,tandemaus,normal,none,50,50,45,40,45,75
924,maushold-family-of-four,normal,none,74,75,70,65,75,111
925,fidough,fairy,none,37,55,70,30,55,65
926,dachsbun,fairy,none,57,80,115,50,80,95
927,smoliv,grass,normal,41,35,45,58,51,30
928,dolliv,grass,normal,52,53,60,78,78,33
929,arboliva,grass,normal,78,69,90,125,109,39
930,squawkabilly-green-plumage,normal,flying,82,96,51,45,51,92
931,nacli,rock,none,55,55,75,35,35,25
932,naclstack,rock,none,60,60,100,35,65,35
933,garganacl,rock,none,100,100,130,45,90,35
934,charcadet,fire,none,40,50,40,50,40,35
935,armarouge,fire,psychic,85,60,100,125,80,75
936,ceruledge,fire,ghost,75,125,80,60,100,85
937,tadbulb,electric,none,61,31,41,59,35,45
938,bellibolt,electric,none,109,64,91,103,83,45
939,wattrel,electric,flying,40,40,35,55,40,70
940,kilowattrel,electric,flying,70,70,60,105,60,125
941,maschiff,dark,none,60,78,60,40,51,51
942,mabosstiff,dark,none,80,120,90,60,70,85
943,shroodle,poison,normal,40,65,35,40,35,75
944,grafaiai,poison,normal,63,95,65,80,72,110
945,bramblin,grass,ghost,40,65,30,45,35,60
946,brambleghast,grass,ghost,55,115,70,80,70,90
947,toedscool,ground,grass,40,40,35,50,100,70
948,toedscruel,ground,grass,80,70,65,80,120,100
949,klawf,rock,none,70,100,115,35,55,75
950,capsakid,grass,none,50,62,40,62,40,50
951,scovillain,grass,fire,65,108,65,108,65,75
952,rellor,bug,none,41,50,60,31,58,30
953,rabsca,bug,psychic,75,50,85,115,100,45
954,flittle,psychic,none,30,35,30,55,30,75
955,espathra,psychic,none,95,60,60,101,60,105
956,tinkatink,fairy,steel,50,45,45,35,64,58
957,tinkatuff,fairy,steel,65,55,55,45,82,78
958,tinkaton,fairy,steel,85,75,77,70,105,94
959,wiglett,water,none,10,55,25,35,25,95
960,wugtrio,water,none,35,100,50,50,70,120
961,bombirdier,flying,dark,70,103,85,60,85,82
962,finizen,water,none,70,45,40,45,40,75
963,palafin-zero,water,none,100,70,72,53,62,100
964,varoom,steel,poison,45,70,63,30,45,47
965,revavroom,steel,poison,80,119,90,54,67,90
966,cyclizar,dragon,normal,70,95,65,85,65,121
967,orthworm,steel,none,70,85,145,60,55,65
968,glimmet,rock,poison,48,35,42,105,60,60
969,glimmora,rock,poison,83,55,90,130,81,86
970,greavard,ghost,none,50,61,60,30,55,34
971,houndstone,ghost,none,72,101,100,50,97,68
972,flamigo,flying,fighting,82,115,74,75,64,90
973,cetoddle,ice,none,108,68,45,30,40,43
974,cetitan,ice,none,170,113,65,45,55,73
975,veluza,water,psychic,90,102,73,78,65,70
976,dondozo,water,none,150,100,115,65,65,35
977,tatsugiri-curly,dragon,water,68,50,60,120,95,82
978,annihilape,fighting,ghost,110,115,80,50,90,90
979,clodsire,poison,ground,130,75,60,45,100,20
980,farigiraf,normal,psychic,120,90,70,110,70,60
981,dudunsparce-two-segment,normal,none,125,100,80,85,75,55
982,kingambit,dark,steel,100,135,120,60,85,50
983,great-tusk,ground,fighting,115,131,131,53,53,87
984,scream-tail,fairy,psychic,115,65,99,65,115,111
985,brute-bonnet,grass,dark,111,127,99,79,99,55
986,flutter-mane,ghost,fairy,55,55,55,135,135,135
987,slither-wing,bug,fighting,85,135,79,85,105,81
988,sandy-shocks,electric,ground,85,81,97,121,85,101
989,iron-treads,ground,steel,90,112,120,72,70,106
990,iron-bundle,ice,water,56,80,114,124,60,136
991,iron-hands,fighting,electric,154,140,108,50,68,50
992,iron-jugulis,dark,flying,94,80,86,122,80,108
993,iron-moth,fire,poison,80,70,60,140,110,110
994,iron-thorns,rock,electric,100,134,110,70,84,72
995,frigibax,dragon,ice,65,75,45,35,45,55
996,arctibax,dragon,ice,90,95,66,45,65,62
997,baxcalibur,dragon,ice,115,145,92,75,86,87
998,gimmighoul,ghost,none,45,30,70,75,70,10
999,gholdengo,steel,ghost,87,60,95,133,91,84
1000,wo-chien,dark,grass,85,85,100,95,135,70
1001,chien-pao,dark,ice,80,120,80,90,65,135
1002,ting-lu,dark,ground,155,110,125,55,80,45
1003,chi-yu,dark,fire,55,80,80,135,120,100
1004,roaring-moon,dragon,dark,105,139,71,55,101,119
1005,iron-valiant,fairy,fighting,74,130,90,120,60,116
1006,koraidon,fighting,dragon,100,135,115,85,100,135
1007,miraidon,electric,dragon,100,85,100,135,115,135
1008,walking-wake,water,dragon,99,83,91,125,83,109
1009,iron-leaves,grass,psychic,90,130,88,70,108,104
1010,dipplin,grass,dragon,80,80,110,95,80,40
1011,poltchageist,grass,ghost,40,45,45,74,54,50
1012,sinistcha,grass,ghost,71,60,106,121,80,70
1013,okidogi,poison,fighting,88,128,115,58,86,80
1014,munkidori,poison,psychic,88,75,66,130,90,106
1015,fezandipiti,poison,fairy,88,91,82,70,125,99
1016,ogerpon,grass,none,80,120,84,60,96,110
1017,archaludon,steel,dragon,90,105,130,125,65,85
1018,hydrapple,grass,dragon,106,80,110,120,80,44
1019,gouging-fire,fire,dragon,105,115,121,65,93,91
1020,raging-bolt,electric,dragon,125,73,91,137,89,75
1021,iron-boulder,rock,psychic,90,120,80,68,108,124
1022,iron-crown,steel,psychic,90,72,100,122,108,98
1023,terapagos,normal,none,90,65,85,65,85,60
1024,pecharunt,poison,ghost,88,88,160,88,88,88
